{
  "project_info": {
    "project_number": "82341017020",
    "project_id": "auction-5eb47",
    "storage_bucket": "auction-5eb47.appspot.com"
  },
  "client": [
    {
      "client_info": {
        "mobilesdk_app_id": "1:82341017020:android:c73fe5622cfa10af3ea7b9",
        "android_client_info": {
          "package_name": "com.example.auction"
        }
      },
      "oauth_client": [
        {
          "client_id": "82341017020-k9469sgjm2dg81pbkeq3o7dtslao2fb8.apps.googleusercontent.com",
          "client_type": 1,
          "android_info": {
            "package_name": "com.example.auction",
            "certificate_hash": "f01bd1de6310837415d984f3e42617c94f8f156d"
          }
        },
        {
          "client_id": "82341017020-sm6aslns0upfnpct5meomtn9bkg9qigb.apps.googleusercontent.com",
          "client_type": 3
        }
      ],
      "api_key": [
        {
          "current_key": "AIzaSyBwDEGYpE_ekIqL37a7Qqe9A8UDlHWKPxM"
        }
      ],
      "services": {
        "appinvite_service": {
          "other_platform_oauth_client": [
            {
              "client_id": "82341017020-sm6aslns0upfnpct5meomtn9bkg9qigb.apps.googleusercontent.com",
              "client_type": 3
            }
          ]
        }
      }
    }
  ],
  "configuration_version": "1"
}